{
  "forget_split": "forget01_perturbed",
  "retain_split": "retain99",
  "retain_num": 40,
  "retain_slice_start": 3920,
  "k": 8,
  "indices": [
    0,
    1,
    3,
    5,
    20,
    24,
    26,
    32
  ],
  "max_sim": [
    0.7664963603019714,
    0.6361163258552551,
    0.6441484093666077,
    0.6278046369552612,
    0.6366162300109863,
    0.6068002581596375,
    0.6179686188697815,
    0.6042670011520386
  ]
}