{
  "forget_split": "forget10_perturbed",
  "retain_split": "retain90",
  "retain_num": 400,
  "retain_slice_start": 3200,
  "k": 80,
  "indices": [
    0,
    1,
    3,
    5,
    11,
    20,
    25,
    30,
    40,
    42,
    43,
    47,
    55,
    60,
    61,
    62,
    63,
    64,
    68,
    69,
    73,
    80,
    88,
    95,
    107,
    120,
    124,
    125,
    128,
    131,
    137,
    139,
    140,
    145,
    160,
    161,
    162,
    166,
    167,
    179,
    180,
    181,
    182,
    186,
    189,
    200,
    222,
    223,
    225,
    227,
    240,
    244,
    245,
    260,
    261,
    264,
    266,
    270,
    272,
    274,
    276,
    280,
    283,
    295,
    297,
    304,
    306,
    316,
    318,
    320,
    322,
    329,
    341,
    342,
    344,
    346,
    360,
    364,
    382,
    392
  ],
  "max_sim": [
    0.7380186319351196,
    0.6914792060852051,
    0.7239017486572266,
    0.7090787887573242,
    0.6816888451576233,
    0.7273695468902588,
    0.6801458597183228,
    0.7037488222122192,
    0.7722232341766357,
    0.7239397764205933,
    0.6878157258033752,
    0.6923573613166809,
    0.6911172866821289,
    0.752790093421936,
    0.6875548362731934,
    0.7880409955978394,
    0.751251220703125,
    0.7733508944511414,
    0.7192857265472412,
    0.6798545718193054,
    0.6796600818634033,
    0.7633854150772095,
    0.6978857517242432,
    0.6778367161750793,
    0.7262902855873108,
    0.9552488327026367,
    0.7241613864898682,
    0.6939254999160767,
    0.6994922161102295,
    0.6885061860084534,
    0.6811952590942383,
    0.7105053663253784,
    0.9570635557174683,
    0.6932318806648254,
    0.7712186574935913,
    0.6786599159240723,
    0.6868749260902405,
    0.7030104994773865,
    0.7190064191818237,
    0.7002739906311035,
    0.6882187724113464,
    0.701773464679718,
    0.7105727195739746,
    0.7021114826202393,
    0.6966317892074585,
    0.7962123155593872,
    0.7550724744796753,
    0.6909084320068359,
    0.6992995738983154,
    0.6745543479919434,
    0.7412332892417908,
    0.704929769039154,
    0.7007328271865845,
    0.7915483713150024,
    0.6938694715499878,
    0.7211242914199829,
    0.7166242599487305,
    0.7305220365524292,
    0.6934264302253723,
    0.745430052280426,
    0.6944817900657654,
    0.7181912660598755,
    0.6811765432357788,
    0.721174955368042,
    0.6973124742507935,
    0.6886372566223145,
    0.6874873042106628,
    0.7109771370887756,
    0.7071053981781006,
    0.8411260843276978,
    0.7101932168006897,
    0.7024693489074707,
    0.7254265546798706,
    0.6934513449668884,
    0.7021299004554749,
    0.6896587610244751,
    0.6941323280334473,
    0.7033243775367737,
    0.7287951707839966,
    0.7216921448707581
  ]
}