{
  "forget_split": "forget05_perturbed",
  "retain_split": "retain95",
  "retain_num": 200,
  "retain_slice_start": 3600,
  "k": 40,
  "indices": [
    3,
    6,
    8,
    21,
    22,
    34,
    40,
    47,
    49,
    55,
    58,
    60,
    63,
    80,
    81,
    82,
    83,
    84,
    85,
    96,
    100,
    108,
    113,
    119,
    120,
    140,
    143,
    150,
    160,
    163,
    167,
    170,
    180,
    183,
    184,
    185,
    186,
    187,
    189,
    193
  ],
  "max_sim": [
    0.7016613483428955,
    0.6657751798629761,
    0.7251718640327454,
    0.6714777946472168,
    0.6923978328704834,
    0.6639391183853149,
    0.7608751058578491,
    0.6771684885025024,
    0.6664802432060242,
    0.7244368195533752,
    0.6632804274559021,
    0.8094592094421387,
    0.67713862657547,
    0.7573946714401245,
    0.6704428195953369,
    0.6931542158126831,
    0.673668622970581,
    0.669273853302002,
    0.6950826644897461,
    0.6937922239303589,
    0.7310851812362671,
    0.6619948148727417,
    0.6819698810577393,
    0.6873189210891724,
    0.8130229711532593,
    0.7879101037979126,
    0.6705425977706909,
    0.684877872467041,
    0.7526872754096985,
    0.6636093854904175,
    0.713869035243988,
    0.6868630647659302,
    0.7346265912055969,
    0.7046966552734375,
    0.6741107702255249,
    0.7002930641174316,
    0.6730401515960693,
    0.7382528185844421,
    0.6983972787857056,
    0.7081417441368103
  ]
}