{
  "forget_split": "forget05_perturbed",
  "retain_split": "retain95",
  "retain_num": 200,
  "retain_slice_start": 3600,
  "k": 20,
  "indices": [
    3,
    8,
    40,
    55,
    60,
    80,
    82,
    85,
    96,
    100,
    120,
    140,
    160,
    167,
    180,
    183,
    185,
    187,
    189,
    193
  ],
  "max_sim": [
    0.7016613483428955,
    0.7251718640327454,
    0.7608751058578491,
    0.7244368195533752,
    0.8094592094421387,
    0.7573946714401245,
    0.6931542158126831,
    0.6950826644897461,
    0.6937922239303589,
    0.7310851812362671,
    0.8130229711532593,
    0.7879101037979126,
    0.7526872754096985,
    0.713869035243988,
    0.7346265912055969,
    0.7046966552734375,
    0.7002930641174316,
    0.7382528185844421,
    0.6983972787857056,
    0.7081417441368103
  ]
}