{
  "forget_split": "forget05_perturbed",
  "retain_split": "retain95",
  "retain_num": 200,
  "retain_slice_start": 3600,
  "k": 80,
  "indices": [
    0,
    2,
    3,
    4,
    6,
    7,
    8,
    13,
    16,
    20,
    21,
    22,
    23,
    24,
    29,
    31,
    33,
    34,
    40,
    44,
    45,
    47,
    49,
    52,
    55,
    57,
    58,
    60,
    63,
    66,
    73,
    80,
    81,
    82,
    83,
    84,
    85,
    88,
    90,
    91,
    93,
    94,
    95,
    96,
    97,
    100,
    105,
    108,
    113,
    118,
    119,
    120,
    123,
    124,
    128,
    140,
    142,
    143,
    144,
    145,
    147,
    150,
    160,
    161,
    162,
    163,
    167,
    170,
    179,
    180,
    183,
    184,
    185,
    186,
    187,
    188,
    189,
    191,
    193,
    199
  ],
  "max_sim": [
    0.6266720294952393,
    0.6378821730613708,
    0.7016613483428955,
    0.6371942758560181,
    0.6657751798629761,
    0.6589343547821045,
    0.7251718640327454,
    0.6492595672607422,
    0.6279687285423279,
    0.6504504680633545,
    0.6714777946472168,
    0.6923978328704834,
    0.6552974581718445,
    0.6320194602012634,
    0.6507262587547302,
    0.6083545088768005,
    0.6088306903839111,
    0.6639391183853149,
    0.7608751058578491,
    0.6331180930137634,
    0.6387708187103271,
    0.6771684885025024,
    0.6664802432060242,
    0.6420677304267883,
    0.7244368195533752,
    0.629847526550293,
    0.6632804274559021,
    0.8094592094421387,
    0.67713862657547,
    0.6211146116256714,
    0.6082032918930054,
    0.7573946714401245,
    0.6704428195953369,
    0.6931542158126831,
    0.673668622970581,
    0.669273853302002,
    0.6950826644897461,
    0.6448891758918762,
    0.6095293164253235,
    0.6119630336761475,
    0.6197350025177002,
    0.6078856587409973,
    0.6572793126106262,
    0.6937922239303589,
    0.616283118724823,
    0.7310851812362671,
    0.6369609832763672,
    0.6619948148727417,
    0.6819698810577393,
    0.6068617105484009,
    0.6873189210891724,
    0.8130229711532593,
    0.6176162362098694,
    0.6190117597579956,
    0.6307291984558105,
    0.7879101037979126,
    0.6438448429107666,
    0.6705425977706909,
    0.6385675668716431,
    0.6409807205200195,
    0.6114554405212402,
    0.684877872467041,
    0.7526872754096985,
    0.6312729716300964,
    0.629898190498352,
    0.6636093854904175,
    0.713869035243988,
    0.6868630647659302,
    0.6128625273704529,
    0.7346265912055969,
    0.7046966552734375,
    0.6741107702255249,
    0.7002930641174316,
    0.6730401515960693,
    0.7382528185844421,
    0.635062575340271,
    0.6983972787857056,
    0.6166096329689026,
    0.7081417441368103,
    0.617450475692749
  ]
}