{
  "forget_split": "forget05_perturbed",
  "retain_split": "retain95",
  "retain_num": 200,
  "retain_slice_start": 3600,
  "k": 10,
  "indices": [
    8,
    40,
    60,
    80,
    100,
    120,
    140,
    160,
    180,
    187
  ],
  "max_sim": [
    0.7251718640327454,
    0.7608751058578491,
    0.8094592094421387,
    0.7573946714401245,
    0.7310851812362671,
    0.8130229711532593,
    0.7879101037979126,
    0.7526872754096985,
    0.7346265912055969,
    0.7382528185844421
  ]
}